<?xml version="1.0" encoding="UTF-8" standalone="no"?>
<RULES>
    <RULE APP_VERSION="8.4.0-52" CACHE_TTL="259200" CACHE_TTL_SYNCED="true" CLASSIFICATION="REG_STATUS" DESCRIPTION="" ENABLED="true" ID="4481838096268256909" NAME="Active Probe - OS Build" NOT_COND_UPDATE="true" UPGRADE_PERFORMED="true">
        <GROUP_IN_FILTER/>
        <INACTIVITY_TTL TTL="0" USE_DEFAULT="true"/>
        <ADMISSION_RESOLVE_DELAY TTL="0" USE_DEFAULT="true"/>
        <MATCH_TIMING RATE="28800" SKIP_INACTIVE="true">
            <ADMISSION ALL="true"/>
        </MATCH_TIMING>
        <EXCEPTION NAME="ip" UNKNOWN_EVAL="UNMATCH"/>
        <EXCEPTION NAME="mac" UNKNOWN_EVAL="UNMATCH"/>
        <EXCEPTION NAME="nbthost" UNKNOWN_EVAL="UNMATCH"/>
        <EXCEPTION NAME="user" UNKNOWN_EVAL="UNMATCH"/>
        <EXCEPTION NAME="group" UNKNOWN_EVAL="UNMATCH"/>
        <ORIGIN NAME="CUSTOM"/>
        <UNMATCH_TIMING RATE="28800" SKIP_INACTIVE="true">
            <ADMISSION ALL="true"/>
        </UNMATCH_TIMING>
        <RANGE FROM="0.0.0.0" TO="255.255.255.255"/>
        <SUBNET address="::" prefix="0"/>
        <RULE_CHAIN/>
        <REPORT_TABLES/>
    </RULE>
</RULES>
