<?xml version="1.0" encoding="UTF-8" standalone="no"?>
<RULES>
    <RULE APP_VERSION="8.4.0-52" CACHE_TTL="259200" CACHE_TTL_SYNCED="true" CLASSIFICATION="REG_STATUS" DESCRIPTION="" ENABLED="true" ID="-6072161384900323415" NAME="Active Probe - Operating System" NOT_COND_UPDATE="true" UPGRADE_PERFORMED="true">
        <GROUP_IN_FILTER/>
        <INACTIVITY_TTL TTL="0" USE_DEFAULT="true"/>
        <ADMISSION_RESOLVE_DELAY TTL="0" USE_DEFAULT="true"/>
        <MATCH_TIMING RATE="28800" SKIP_INACTIVE="true">
            <ADMISSION ALL="true"/>
        </MATCH_TIMING>
        <EXPRESSION EXPR_TYPE="SIMPLE">
            <!--Rule expression. Rule name is: Active Probe - Operating System-->
            <CONDITION EMPTY_LIST_VALUE="false" FIELD_NAME="ap_os_classification" LABEL="Active Probe Operating System" LEFT_PARENTHESIS="0" LOGIC="AND" PLUGIN_NAME="Active Probing Plugin" PLUGIN_UNIQUE_NAME="active_probing" PLUGIN_VESRION="1.0.1" PLUGIN_VESRION_NUMBER="10010067" RET_VALUE_ON_UKNOWN="IRRESOLVED" RIGHT_PARENTHESIS="0">
                <FILTER CASE_SENSITIVE="false" FILTER_ID="-3099254343193707414" TYPE="any">
                    <VALUE VALUE2="Any"/>
                </FILTER>
            </CONDITION>
        </EXPRESSION>
        <EXCEPTION NAME="ip" UNKNOWN_EVAL="UNMATCH"/>
        <EXCEPTION NAME="mac" UNKNOWN_EVAL="UNMATCH"/>
        <EXCEPTION NAME="nbthost" UNKNOWN_EVAL="UNMATCH"/>
        <EXCEPTION NAME="user" UNKNOWN_EVAL="UNMATCH"/>
        <EXCEPTION NAME="group" UNKNOWN_EVAL="UNMATCH"/>
        <ORIGIN NAME="CUSTOM"/>
        <UNMATCH_TIMING RATE="28800" SKIP_INACTIVE="true">
            <ADMISSION ALL="true"/>
        </UNMATCH_TIMING>
        <RANGE FROM="0.0.0.0" TO="255.255.255.255"/>
        <SUBNET address="::" prefix="0"/>
        <RULE_CHAIN/>
        <REPORT_TABLES/>
    </RULE>
</RULES>
